year,ratio,issue_price
2019,,272.0
2019,,1.45
2019,,12.06
2019,,4.34
2019,19:11,
2019,19:14,41.56
2019,,10.35
2019,19:0,
2019,,16.0
2019,,16.0
2019,19:2,
2019,19:6,
2019,,16.0
2019,,307.0
2019,,16.0
2019,,16.0
2019,,307.0
2019,,5.0
2019,,5.0
2019,,9.0
2019,,15.0
2019,19:10,14.0
2019,19:10,14.0
2019,19:3,
2019,,9.78
2019,,2.76
2019,,16.0
2019,,3.26
2019,,43.17
2019,,4.37
2019,,1.8
2019,,1.06
2019,2:13,175.0
2019,4:3,
2019,,9.25
2019,,7.08
2019,,16.0
2019,,7.14
2019,,4.61
2019,,5.0
2019,,2.5
2019,,150.87
2019,,210.02
2019,,207.53
2019,19:7,
2019,,54.0
2019,,205.64
2019,,1.5
2019,,1.0
2019,,160.0
2019,19:8,
2019,,26.27
2019,,11.06
2019,19:8,
2019,,26.27
2019,,11.06
2019,,290.0
2019,,450.0
2019,,989.0
2019,,305.0
2019,,152.16
2019,7:8,
2019,,16.0
2019,,54.0
2019,,1.1
2019,,1.0
2019,,803.0
2019,,298.0
2019,,11.24
2019,,11.65
2019,,88.77
2019,,196.8
2019,,5.4
2019,,11.7
2019,,16.0
2019,,111.0
2019,,24.18
2019,,16.0
2019,,9.0
2019,,334.0
2019,,16.0
2019,,806.0
2019,,41.0
2019,,16.0
2019,,13.0
2019,,16.0
2019,,16.0
2019,,16.0
2019,,16.0
2019,,2.34
2019,,16.0
2019,,3.38
2019,,16.13
2019,,16.13
2019,,100.0
2019,,16.0
2019,,8.9
2019,,544.54
2019,,37.37
2019,,2.22
2019,,1.57
2019,,528.0
2019,,1.57
2019,,16.0
2019,19:4,
2019,,1.0
2019,,3.42
2019,,5.62
2019,,3.26
2019,,1.17
2019,,5.3
2019,19:8,
2019,,16.0
2019,,4.0
2019,,567.0
2019,,2.1
2019,,3.0
2019,,100.0
2019,,16.0
2019,,4.0
2019,,567.0
2019,,2.1
2019,,3.0
2019,,4.7
2019,7:8,
2019,1:20,160.0
2019,,1.0
2019,,918.0
2019,,20.0
2019,,3.0
2019,,10.0
2019,,5.0
2019,,189.62
2019,,679.0
2019,,1.2
2019,,1.0
2019,,2017.0
2019,,8.0
2019,,1.04
2019,,15.0
2019,,9.3
2019,,16.0
2019,,6.0
2019,,5.0
2019,,4.0
2019,,4.0
2019,,2.0
2019,,160.0
2019,,16.0
2019,,16.0
2019,,16.0
2019,,16.0
2019,,10.0
2019,,47.0
2019,,784.0
2019,,2014.0
2019,,3.0
2019,,53.0
2019,,54.0
2019,,6.0
2019,,50.0
2019,,3.0
2019,,2014.0
2019,,784.0
2019,,20.0
2019,,3.0
2019,,10.0
2019,,5.0
2019,,38.2
2019,,87.18
2019,,450.0
2019,,357.0
2019,,817.0
2019,,1.09
2019,,12.06
2019,,4.34
2019,,16.0
2019,,37.37
2019,,11.7
2019,,10.0
2019,,25.0
2019,,16.0
2019,,1.57
2019,,16.0
2019,,16.0
2019,,3.3
2019,,145.0
2019,,14.1
2019,,15.0
2019,,14.1
2019,,16.0
2019,,16.0
2019,,16.0
2019,,16.0
2019,,16.0
2019,,16.0
2019,,128.0
2019,,38.2
2019,,87.18
2019,,16.0
2019,,1.0
2019,,1.0
2019,,173.0
2019,,16.0
2019,,17.0
2019,,113.0
2019,,153.0
2019,,80.0
2019,,39.0
2019,,119.0
2019,,113.0
2019,,153.0
2019,,80.0
2019,,39.0
2019,,119.0
2019,,1.0
2019,,1.5
2019,,1.0
2019,,18.0
2019,,16.0
2019,,16.0
2019,,17.0
2019,,15.0
2019,,9.0
2019,,9.0
2019,,9.0
2019,,9.0
2019,,11.1
2019,,11.1
2019,,145.0
2019,,95.3
2019,,6.0
2019,,10.0
2019,,9.0
2019,,9.0
2019,,16.0
2019,,9.0
2019,,17.0
2019,,17.0
2019,,17.0
2019,,17.0
2019,,17.0
2019,,17.0
2019,,17.0
2019,,17.0
2019,,17.0
2019,,4.0
2019,,9.0
2019,,17.0
2019,,9.0
2019,,17.0
2019,,16.0
2019,,918.0
2019,,16.0
2019,,16.0
2019,,16.0
2019,,16.0
2019,,16.0
2019,,4.0
2019,,17.0
2019,,95.0
2019,,56.0
2019,,111.0
2019,,139.0
2019,,325.0
2019,,573.0
2019,,156.0
2019,,4.0
2019,,140.0
2019,,18.7
2019,,44.0
2019,,44.0
2019,,160.0
2019,,16.0
2019,,3.5
2019,,7.1
2019,,1.0
2019,,1.5
2019,,5.0
2019,,2.5
2019,,160.0
2019,,111.0
2019,,18.7
2019,,6.0
2019,,13.0
2019,,325.0
2019,,573.0
2019,,25.8
2019,,22.17
2019,,1.57
2019,,1.04
2019,,1.57
2019,,528.0
2019,,1.57
2019,,16.0
2019,,135.46
2019,,140.04
2019,,153.2
2019,,16.0
2019,,158.92
2019,,25.8
2019,,22.17
2019,,16.0
2019,,16.0
2019,,806.0
2019,,16.0
2019,,16.0
2019,,99.98
2019,,17.74
2019,,153.2
2019,,135.46
2019,,140.04
2019,,12.0
2019,,16.0
2019,,455.0
2019,,3.5
2019,,1.0
2019,,2.99
2019,,2.34
2019,,323.0
2019,,568.0
2019,,5.3
2019,,2.34
2019,,5.11
2019,,4.42
2019,,2.37
2019,,4.27
2019,,2.89
2019,,5.11
2019,,3.37
2019,,4.56
2019,,4.42
2019,,9.33
2019,,12.28
2019,,16.0
2019,,22.06
2019,,140.04
2019,,153.2
2019,,158.92
2019,,16.0
2019,,3.3
2019,,437.0
2019,,217.0
2019,,25.0
2019,,3.36
2019,,568.0
2019,,500.0
2019,,3.26
2019,,1.5
2019,,5.0
2019,,2.5
2019,19:23,16.0
2019,,9.33
2019,,9.62
2019,,12.28
2019,,15.39
2019,,22.06
2019,,158.92
2019,,9.33
2019,,9.62
2019,,12.28
2019,,7.1
2019,,15.39
2019,,158.92
2019,,1.5
2019,,1.0
2019,,365.0
2019,,20.0
2019,,192.0
2019,,349.0
2019,,3.26
2019,,1.1
2019,,1.0
2019,,2.99
2019,,4.0
2019,,6.25
2019,,22.06
2019,,42.0
2019,,16.0
2019,,22.06
2019,,2.3
2019,,817.0
2019,,179.0
2019,,144.0
2019,,144.0
2019,,99.711
2019,20:7,
2019,20:7,
2019,,4.61
2019,,8.5
2019,,9.74
2019,,230.36
2019,,243.72
2019,,55.37
2019,,16.0
2019,,3.38
2019,,2.87
2019,,38.46
2019,,13.33
2019,,65.71
2019,,51.79
2019,,4.61
2019,,8.5
2019,,9.74
2019,,230.36
2019,,243.72
2019,,55.37
2019,,5.6
2019,,1.0
2019,,18.7
2019,,2.5
2019,,22.0
2019,,16.0
2019,,16.0
2019,,16.0
2019,,16.0
2019,,720.0
2019,,720.0
2019,,4.0
2019,,16.0
2019,19:2,
2019,,1.92
2019,,2.29
2019,,16.0
2019,,16.0
2019,,3.37
2019,19:10,
2019,,7.0
2019,,7.0
2019,19:13,
2019,,16.0
2019,,16.0
2019,,16.0
2019,19:15,
2019,19:11,
2019,,16.0
2019,,50.0
2019,,2.5
2019,,50.0
2019,,16.0
2019,,3.38
2019,,16.0
2019,,38.46
2019,,3.95
2019,,1.04
2019,,1.57
2019,,801.0
2019,,2.46
2019,,1.82
2019,,2.38
2019,,54.51
2019,,46.4
2019,,3.1
2019,,61.0
2019,,2.72
2019,,3.17
2019,,16.0
2019,,1.96
2019,,2.6
2019,,4.45
2019,,12.05
2019,,9.36
2019,,16.0
2019,19:16,
2019,19:16,
2019,,16.0
2019,,4.55
2019,,16.0
2019,,5.89
2019,,2.87
2019,,25.58
2019,,2.31
2019,,16.0
2019,,7.5
2019,,4.23
2019,,1.83
2019,,65.71
2019,,51.79
2019,,54.51
2019,,100.91
2019,,436.94
2019,,18.43
2019,,10.35
2019,,18.96
2019,,18.44
2019,,41.95
2019,,1.97
2019,,2.78
2019,,16.0
2019,,13.33
2019,,24.11
2019,,73.15
2019,,16.0
2019,,51.79
2019,,21.24
2019,,13.14
2019,,8.64
2019,,9.25
2019,,12.0
2019,,13.92
2019,,9.25
2019,,24.46
2019,,13.14
2019,,100.91
2020,,17.61
2020,,17.54
2020,,44.86
2020,,3.47
2020,,77.16
2020,,48.71
2020,,147.18
2020,,105.43
2020,,3.11
2020,,34.07
2020,,69.26
2020,,25.71
2020,21:6,
2020,,242.99
2020,,3.95
2020,,104.4
2020,20:7,
2020,20:15,
2020,21:6,
2020,20:7,
2020,20:15,
2020,20:1,
2020,,22.0
2020,,22.0
2020,20:7,
2020,,21.29
2020,,79.61
2020,,44.94
2020,,436.94
2020,,18.0
2020,,15.57
2020,,20.07
2020,,19.16
2020,,7.99
2020,,6.95
2020,,10.69
2020,,9.36
2020,,5.02
2020,,3.6
2020,,2.07
2020,,1.64
2020,,1.96
2020,,147.2
2020,,4.67
2020,,2.96
2020,,536.79
2020,20:7,
2020,,105.43
2020,,536.79
2020,,536.79
2020,,24.31
2020,,33.07
2020,,13.82
2020,,4.22
2020,,55.43
2020,,536.79
2020,,536.79
2020,,72.0
2020,,436.94
2020,,2.3
2020,20:23,
2020,,97.0
2020,,92.0
2020,,3.35
2020,,4.6
2020,20:8,
2020,,522.0
2020,,1.4
2020,,1.0
2020,,9.01
2020,,7.45
2020,,17.39
2020,,4.0
2020,,2.0
2020,,12.0
2020,,26.0
2020,,1.7
2020,,3.59
2020,,2.31
2020,,26.0
2020,,1.7
2020,,3.59
2020,,2.31
2020,,7.0
2020,,7.0
2020,,573.0
2020,,1.3
2020,,5.98
2020,,3.37
2020,,151.0
2020,,3.32
2020,20:17,
2020,20:4,
2020,,315.0
2020,20:23,
2020,20:4,
2020,,315.0
2020,,2.0
2020,,174.0
2020,,756.0
2020,,2.3
2020,,174.0
2020,,756.0
2020,,1.0
2020,,5.6
2020,,75.0
2020,,250.0
2020,,45.5
2020,,1.5
2020,20:2,
2020,20:2,
2020,20:2,
2020,,164.0
2020,,2.3
2020,,4.4
2020,,16.0
2020,,12.0
2020,,12.0
2020,20:3,
2020,20:14,
2020,,12.0
2020,,0.5
2020,,17.86
2020,,3.61
2020,,3.61
2020,,4.38
2020,,3.32
2020,,3.37
2020,,2.83
2020,,2.57
2020,,5.52
2020,,5.11
2020,,4.14
2020,,4.27
2020,,3.32
2020,,5.52
2020,,3.59
2020,,2.31
2020,,641.0
2020,,274.0
2020,,186.0
2020,,363.0
2020,,343.0
2020,,356.0
2020,,3.64
2020,,20.0
2020,,2.99
2020,,3.08
2020,,1.29
2020,,5.98
2020,,17.76
2020,,2.99
2020,,19.16
2020,,21.43
2020,,3.0
2020,,2.99
2020,,20.0
2020,,918.0
2020,,784.0
2020,,2014.0
2020,,3.0
2020,,50.0
2020,,6.0
2020,,54.0
2020,,226.0
2020,,537.0
2020,,4.9
2020,,21.43
2020,,48.71
2020,,19.16
2020,,127.68
2020,,15.57
2020,,17.76
2020,,122.32
2020,,0.5
2020,,19.16
2020,,1.98
2020,,5.41
2020,,4.74
2020,,13.95
2020,,10.96
2020,,48.71
2020,,253.0
2020,,3.64
2020,,0.5
2020,,9.0
2020,,51.0
2020,,15.0
2020,,6.0
2020,,199.83
2020,,189.91
2020,,127.68
2020,,138.96
2020,,122.32
2020,,121.36
2020,,110.07
2020,,145.44
2020,,157.83
2020,,140.07
2020,,140.08
2020,,17.77
2020,,18.88
2020,,15.61
2020,,20.19
2020,,19.18
2020,,127.68
2020,,138.96
2020,,122.32
2020,,121.36
2020,,15.61
2020,,20.19
2020,,19.18
2020,,134.0
2020,,45.0
2020,,144.0
2020,,9.0
2020,,2.0
2020,,19.16
2020,,17.76
2020,,122.32
2020,,121.36
2020,,19.16
2020,,17.76
2020,,13.95
2020,,13.85
2020,,11.53
2020,,11.19
2020,,10.96
2020,,10.63
2020,,11.1
2020,,0.5
2020,,0.5
2020,,2.0
2020,,2.5
2020,,127.0
2020,,138.0
2020,,144.0
2020,,155.0
2020,,2.0
2020,,134.0
2020,,137.0
2020,,110.0
2020,,3.0
2020,,4.0
2020,,291.0
2020,,80.0
2020,,186.0
2020,,7.0
2020,,9.0
2020,,9.0
2020,,9.0
2020,,9.0
2020,,8.0
2020,,5.0
2020,,8.0
2020,,1.0
2020,,131.0
2020,,145.0
2020,,215.0
2020,,3.0
2020,,11.1
2020,,2.0
2020,,9.0
2020,,9.0
2020,,9.0
2020,,9.0
2020,,9.0
2020,,9.0
2020,,9.0
2020,,15.0
2020,,15.0
2020,,14.1
2020,,346.0
2020,,11.1
2020,,17.0
2020,,17.0
2020,,17.0
2020,,187.0
2020,,840.0
2020,10:00,
2020,,62.2
2020,,29.1
2020,,166.0
2020,,147.0
2020,,45.0
2020,,35.0
2020,,528.0
2020,,114.0
2020,,16.0
2020,,16.0
2020,,3.0
2020,,17.0
2020,,9.0
2020,,17.0
2020,,9.0
2020,,4.0
2020,,17.0
2020,,17.0
2020,,17.0
2020,,16.0
2020,,17.0
2020,,17.0
2020,,17.0
2020,,17.0
2020,,34.0
2020,,10.0
2020,,3.0
2020,,7.0
2020,,918.0
2020,,163.0
2020,,2010.0
2020,,784.0
2020,,57.0
2020,,3.0
2020,,57.0
2020,,4.9
2020,,19.16
2020,,62.2
2020,,147.0
2020,,45.0
2020,,35.0
2020,,5.0
2020,,10.0
2020,,3.0
2020,,20.0
2020,,918.0
2020,,163.0
2020,,2010.0
2020,,784.0
2020,,57.0
2020,,3.0
2020,,52.0
2020,,4.0
2020,,58.0
2020,,10.0
2020,,20.0
2020,,18.0
2020,,3.0
2020,,5.0
2020,,16.0
2020,,100.0
2020,,1.0
2020,,2.0
2020,,4.0
2020,,4.0
2020,,7.0
2020,,51.0
2020,,10.0
2020,,3.9
2020,,2.45
2020,,3.0
2020,,12.7
2020,,37.9
2020,,58.0
2020,,21.4
2020,,222.0
2020,,996.0
2020,,667.0
2020,,224.0
2020,,36.5
2020,,15.0
2020,,749.0
2020,,1.04
2020,,8.0
2020,,1.2
2020,,571.0
2020,,10.0
2020,,11.0
2020,,59.0
2020,,39.0
2020,,2.27
2020,,5.16
2020,,45.2
2020,,6.97
2020,,7.03
2020,,825.0
2020,,1.0
2020,,1.0
2020,,1.0
2020,,900.0
2020,,100.0
2020,,3.5
2020,,87.18
2020,,546.67
2020,20:3,
2020,20:12,
2020,20:3,
2020,20:12,
2020,,18.0
2020,,3.08
2020,,3.27
2020,,2.76
2020,,2.99
2020,,1.0
2020,,16.0
2020,,8.42
2020,,49.98
2020,20:30,
2020,,58.86
2020,,3.39
2020,,1.0
2020,,349.0
2020,,790.1
2020,,689.6
2020,,208.6
2020,,103.0
2020,,10.85
2020,,51.3
2020,,1.9
2020,,711.0
2020,,62.6
2020,,55.25
2020,,52.36
2020,,3.79
2020,,825.0
2020,,3.38
2020,,80.0
2020,,1.8
2020,,7.0
2020,,3.9
2020,,3.39
2020,20:30,
2020,,2.27
2020,,5.16
2020,,45.2
2020,,6.97
2020,,7.03
2020,,825.0
2020,,3.9
2020,,274.0
2020,20:22,
2020,,164.0
2020,,193.97
2020,,195.97
2020,,152.16
2020,,3.62
2020,20:7,
2020,,244.68
2020,,3.59
2020,,7.08
2020,,193.97
2020,,193.97
2020,4:3,
2020,2:13,175.0
2020,7:8,
2020,7:8,
2020,1:20,160.0
2020,,0.5
2020,,0.5
2020,21:30,
2020,,104.0
2020,,119.0
2020,,39.0
2020,,59.0
2020,,80.0
2020,,11.0
2020,,18.0
2020,,104.0
2020,,119.0
2020,,193.97
2020,,9.41
2020,,7.08
2020,,244.68
2020,,1.45
2020,,2.99
2020,,6.18
2020,,4.37
2020,,1.8
2020,,1.06
2020,,305.0
2020,,989.0
2020,,450.0
2020,,290.0
2020,,63.64
2020,,11.06
2020,20:8,
2020,,63.64
2020,,11.06
2020,20:8,
2020,,148.5
2020,,115.4
2020,,0.5
2020,,0.5
2020,,2.0
2020,,1.98
2020,,4.61
2020,,195.97
2020,,152.16
2020,,3.62
2020,20:7,
2020,,3.59
2020,,5.0
2020,,17.76
2020,,87.18
2020,,16.0
2020,,1.83
2020,,4.23
2020,,73.15
2020,,16.0
2020,,51.79
2020,,9.25
2020,,13.14
2020,,8.64
2020,,12.0
2020,,13.92
2020,,9.25
2020,,13.14
2020,,100.91
2020,,24.46
2020,,24.11
2020,,21.24
2020,,16.0
2020,,2.78
2020,,1.97
2020,,41.95
2020,,18.44
2020,,18.96
2020,,10.35
2020,,18.43
2020,,436.94
2020,,100.91
2020,,16.0
2020,,54.51
2020,,3.95
2020,,1.57
2020,,42.0
2020,,22.0
2020,,22.06
2020,,25.58
2020,,5.89
2020,,16.0
2020,,4.55
2020,,16.0
2020,19:16,
2020,19:16,
2020,,16.0
2020,,9.36
2020,,12.05
2020,,4.45
2020,,2.6
2020,,2.31
2020,,1.96
2020,,3.17
2020,,2.72
2020,,61.0
2020,,3.1
2020,,46.4
2020,,54.51
2020,,2.38
2020,,1.82
2020,,2.46
2020,,801.0
2020,,1.04
2020,,455.0
2020,,51.79
2020,,13.33
2020,,5.6
2020,,1.0
2020,,18.7
2020,,2.5
2020,,50.0
2020,,2.5
2020,,50.0
2020,,16.0
2020,19:11,
2020,19:15,
2020,,16.0
2020,,16.0
2020,,16.0
2020,19:13,
2020,,7.0
2020,,7.0
2020,19:10,
2020,,16.0
2020,,3.37
2020,,16.0
2020,,2.29
2020,,1.92
2020,19:2,
2020,,16.0
2020,,4.0
2020,,720.0
2020,,720.0
2020,,2.3
2020,,65.71
2020,,817.0
2020,,144.0
2020,,38.46
2020,,2.87
2020,,3.38
2020,,16.0
2020,,55.37
2020,,243.72
2020,,230.36
2020,,9.74
2020,,8.5
2020,,4.61
2020,,51.79
2020,,65.71
2020,,13.33
2020,,38.46
2020,,2.87
2020,,3.38
2020,,16.0
2020,,55.37
2020,,243.72
2020,,230.36
2020,,9.74
2020,,8.5
2020,,4.61
2020,20:7,
2020,20:7,
2020,,99.711
2020,,144.0
2020,,179.0
2020,,16.0
2020,,325.0
2020,,25.8
2020,,500.0
2020,,3.26
2020,,6.25
2020,,4.0
2020,,2.99
2020,,1.0
2020,,1.1
2020,,3.26
2020,,349.0
2020,,192.0
2020,,20.0
2020,,365.0
2020,,1.0
2020,,1.5
2020,,158.92
2020,,22.06
2020,,15.39
2020,,12.28
2020,,9.62
2020,,9.33
2020,,158.92
2020,,22.06
2020,,15.39
2020,,12.28
2020,,9.62
2020,,9.33
2020,19:23,16.0
2020,,568.0
2020,,2.5
2020,,3.36
2020,,2.34
2020,,38.2
2020,,272.0
2020,,217.0
2020,,437.0
2020,,3.3
2020,,16.0
2020,,16.0
2020,,158.92
2020,,153.2
2020,,140.04
2020,,22.06
2020,,16.0
2020,,12.28
2020,,9.33
2020,,4.42
2020,,4.56
2020,,3.37
2020,,5.11
2020,,2.89
2020,,4.27
2020,,2.37
2020,,4.42
2020,,5.11
2020,,2.34
2020,,5.3
2020,,568.0
2020,,323.0
2020,,2.99
2020,,573.0
2020,,5.0
2020,,1.0
2020,,18.7
2020,,6.0
2020,,13.0
2020,,12.0
2020,,140.04
2020,,135.46
2020,,153.2
2020,,17.74
2020,,99.98
2020,,16.0
2020,,16.0
2020,,806.0
2020,,16.0
2020,,16.0
2020,,22.17
2020,,25.8
2020,,16.0
2020,,158.92
2020,,153.2
2020,,140.04
2020,,16.0
2020,,1.57
2020,,528.0
2020,,1.57
2020,,1.04
2020,,1.57
2020,,22.17
2020,,111.0
2020,,1.5
2020,,16.0
2020,,16.0
2020,,7.1
2020,,3.5
2020,,16.0
2020,,160.0
2020,,2.5
2020,,5.0
2020,,1.5
2020,,1.0
2020,,7.1
2020,,3.5
2020,,16.0
2020,,160.0
2020,,44.0
2020,,44.0
2020,,18.7
2020,,140.0
2020,,4.0
2020,,156.0
2020,,573.0
2020,,325.0
2020,,139.0
2020,,111.0
2020,,56.0
2020,,95.0
2020,,17.0
2020,,4.0
2020,,16.0
2020,,16.0
2020,,16.0
2020,,135.46
2020,,16.0
2020,,16.0
2020,,16.0
2020,,16.0
2020,,16.0
2020,,16.0
2020,,16.0
2020,,16.0
2020,,16.0
2020,,17.0
2020,,9.0
2020,,17.0
2020,,9.0
2020,,16.0
2020,,4.0
2020,,17.0
2020,,17.0
2020,,17.0
2020,,17.0
2020,,17.0
2020,,17.0
2020,,17.0
2020,,17.0
2020,,17.0
2020,,9.0
2020,,9.0
2020,,9.0
2020,,17.0
2020,,128.0
2020,,38.2
2020,,87.18
2020,,7.08
2020,,9.25
2020,4:3,
2020,2:13,175.0
2020,7:8,
2020,7:8,
2020,1:20,160.0
2020,,1.0
2020,,1.0
2020,,1.5
2020,,1.0
2020,,119.0
2020,,39.0
2020,,80.0
2020,,153.0
2020,,113.0
2020,,119.0
2020,,39.0
2020,,80.0
2020,,153.0
2020,,113.0
2020,,18.0
2020,,17.0
2020,,173.0
2020,,1.0
2020,,1.0
2020,,16.0
2020,,10.0
2020,,6.0
2020,,95.3
2020,,145.0
2020,,189.62
2020,,5.0
2020,,10.0
2020,,3.0
2020,,20.0
2020,,918.0
2020,,784.0
2020,,2014.0
2020,,3.0
2020,,53.0
2020,,3.3
2020,,16.0
2020,,16.0
2020,,1.57
2020,,16.0
2020,,25.0
2020,,10.0
2020,,11.7
2020,,37.37
2020,,16.0
2020,,4.34
2020,,12.06
2020,,1.09
2020,,145.0
2020,,817.0
2020,,16.0
2020,,450.0
2020,,679.0
2020,,16.0
2020,,1.2
2020,,2017.0
2020,,11.1
2020,,9.0
2020,,9.0
2020,,9.0
2020,,9.0
2020,,15.0
2020,,14.1
2020,,15.0
2020,,14.1
2020,,357.0
2020,,47.0
2020,,10.0
2020,,16.0
2020,,16.0
2020,,16.0
2020,,16.0
2020,,160.0
2020,,2.0
2020,,4.0
2020,,4.0
2020,,5.0
2020,,6.0
2020,,16.0
2020,,9.3
2020,,15.0
2020,,1.04
2020,,8.0
2020,,1.0
2020,,7.14
2020,,11.1
2020,,5.0
2020,,1.0
2020,,1.1
2020,,3.38
2020,,16.13
2020,,16.13
2020,,100.0
2020,,3.0
2020,,2.1
2020,,567.0
2020,,4.0
2020,,16.0
2020,,100.0
2020,,3.0
2020,,2.1
2020,,567.0
2020,,4.0
2020,,16.0
2020,19:8,
2020,,5.3
2020,,4.7
2020,,1.17
2020,,5.62
2020,,3.42
2020,,1.0
2020,19:4,
2020,,16.0
2020,,1.57
2020,,803.0
2020,,528.0
2020,,11.24
2020,,88.77
2020,,16.0
2020,,7.5
2020,,4.61
2020,,16.0
2020,,25.0
2020,,16.0
2020,,16.0
2020,,16.0
2020,,2.34
2020,,16.0
2020,,16.0
2020,,16.0
2020,,16.0
2020,,13.0
2020,,16.0
2020,,41.0
2020,,806.0
2020,,16.0
2020,,334.0
2020,,9.0
2020,,16.0
2020,,24.18
2020,,111.0
2020,,16.0
2020,,11.7
2020,,5.4
2020,,196.8
2020,,11.65
2020,,1.57
2020,,298.0
2020,,37.37
2020,,4.34
2020,,12.06
2020,,1.45
2020,,43.17
2020,,4.37
2020,,1.8
2020,,1.06
2020,,305.0
2020,,989.0
2020,,450.0
2020,,11.06
2020,,26.27
2020,19:8,
2020,,11.06
2020,,26.27
2020,19:8,
2020,,160.0
2020,,1.0
2020,,1.5
2020,,152.16
2020,,205.64
2020,19:7,
2020,,207.53
2020,,2.22
2020,,210.02
2020,,150.87
2020,,2.5
2020,19:11,
2020,19:14,41.56
2020,,290.0
2020,,2.76
2020,,16.0
2020,,10.35
2020,,54.0
2020,,3.26
2020,,16.0
2020,,54.0
2020,,3.26
2020,,16.0
2020,,9.78
2020,19:3,
2020,19:10,14.0
2020,19:10,14.0
2020,,9.0
2020,,15.0
2020,,8.9
2020,19:0,
2020,,16.0
2020,,16.0
2020,19:2,
2020,19:6,
2020,,16.0
2020,,307.0
2020,,16.0
2020,,307.0
2020,,5.0
2020,,5.0
2020,,16.0
2020,,544.54
2021,,36.86
2021,,4.9
2021,,2.99
2021,,16.12
2021,,22.61
2021,,3.38
2021,,3.59
2021,,3.78
2021,,6.0
2021,,7.87
2021,,185.0
2021,,185.0
2021,,362.0
2021,,17.0
2021,,4.89
2021,,291.0
2021,,349.0
2021,,5.74
2021,,1.3
2021,,42.56
2021,,58.86
2021,,879.8
2021,,70.76
2021,,789.7
2021,,233.8
2021,,124.74
2021,,1.9
2021,,4.0
2021,,1.6
2021,,614.0
2021,,9.01
2021,,1.0
2021,,16.0
2021,,255.0
2021,,62.6
2021,,988.0
2021,,582.0
2021,,3.1
2021,,1.0
2021,,6.6
2021,,16.0
2021,,31.0
2021,,73.0
2021,22:1,
2021,22:16,
2021,21:16,
2021,,6.14
2021,,10.21
2021,,3.61
2021,,164.0
2021,,122.0
2021,21:27,
2021,,3.48
2021,,3.32
2021,,147.0
2021,,97.0
2021,,2025.0
2021,,147.0
2021,,97.0
2021,21:4,
2021,,16.0
2021,,10.21
2021,,9.01
2021,,109.0
2021,,59.33
2021,,120.0
2021,,2.84
2021,21:3,
2021,,154.5
2021,,81.0
2021,,18.0
2021,,3.21
2021,,5.41
2021,,3.08
2021,,81.0
2021,,18.0
2021,,3.21
2021,,5.41
2021,,3.08
2021,,165.0
2021,,81.0
2021,21:13,
2021,,18.0
2021,,5.41
2021,,3.08
2021,,39.83
2021,,39.83
2021,,16.0
2021,,120.0
2021,,6.0
2021,,120.0
2021,,110.0
2021,,990.0
2021,,1.5
2021,,16.0
2021,21:4,
2021,,13.55
2021,,3.21
2021,,48.91
2021,,900.0
2021,,628.21
2021,,4.61
2021,,4.0
2021,21:18,
2021,,4.87
2021,,3.9
2021,21:29,
2021,,2.96
2021,,5.39
2021,21:24,
2021,,51.35
2021,,6.19
2021,,1.6
2021,,825.0
2021,21:18,
2021,,1.0
2021,,4.87
2021,21:29,
2021,,2.96
2021,,5.39
2021,21:24,
2021,,51.35
2021,,6.19
2021,,1.6
2021,,825.0
2021,,1.0
2021,,900.0
2021,21:13,
2021,21:3,
2021,,154.5
2021,,12.77
2021,,3.9
2021,21:18,
2021,,127.68
2021,21:18,
2021,,18.63
2021,,1.64
2021,,3.21
2021,,29.26
2021,,4.08
2021,,253.0
2021,,614.0
2021,,105.0
2021,,39.26
2021,,15.57
2021,,27.32
2021,,5.45
2021,,24.43
2021,,3.5
2021,,1.91
2021,,20.44
2021,,20.76
2021,,2.0
2021,,6.42
2021,,3.6
2021,,19.05
2021,,8.56
2021,,7.99
2021,,16.0
2021,,30.81
2021,,10.69
2021,,7.03
2021,,95.32
2021,,6.42
2021,,3.6
2021,,3.95
2021,,19.05
2021,,12.89
2021,,305.0
2021,,71.4
2021,,97.0
2021,,150.0
2021,,4.3
2021,,4.3
2021,,9.98
2021,,4.3
2021,,9.98
2021,,990.0
2021,,293.87
2021,,199.83
2021,,360.0
2021,,218.07
2021,,171.96
2021,,4.9
2021,,244.36
2021,,26.28
2021,,17.77
2021,,218.07
2021,,127.68
2021,,244.36
2021,,145.45
2021,,305.0
2021,,4.9
2021,,12.89
2021,,1.91
2021,,18.63
2021,,1.64
2021,,3.21
2021,,203.0
2021,,145.45
2021,21:4,
2021,,8.56
2021,,16.0
2021,,101.5
2021,,134.56
2021,,30.44
2021,,154.5
2021,,39.36
2021,,31.69
2021,,165.0
2021,,6.4
2021,,7.8
2021,,163.1
2021,,16.0
2021,,33.53
2021,,110.72
2021,,25.71
2021,,163.1
2021,,168.09
2021,,536.79
2021,,234.7
2021,,147.2
2021,,58.8
2021,,77.61
2021,,48.71
2021,,20.44
2021,,10.05
2021,21:20,
2021,,29.0
2021,21:6,
2021,,29.0
2021,21:6,
2021,21:30,
2021,,717.8
2021,,7.99
2021,,536.79
2021,,7.93
2021,,30.81
2021,,10.69
2021,,5.33
2021,,95.32
2021,,172.9
2021,,6.88
2021,,1.49
2021,,3.25
2021,,3.43
2021,,4.46
2021,,681.0
2021,,20.44
2021,,3.95
2021,,16.63
2021,,717.8
2021,,2.5
2021,,27.32
2021,,5.45
2021,,2.0
2021,,24.43
2021,,3.5
2021,,20.21
2021,,4.77
2021,,20.41
2021,,2.6
2021,,20.0
2021,,230.0
2021,,31.12
2021,,8.5
2021,,8.18
2021,,2.16
2021,21:20,
2021,,200.0
2021,,6.75
2021,,48.0
2021,,169.0
2021,,8.0
2021,,53.0
2021,,3.0
2021,,773.0
2021,,21.4
2021,,228.0
2021,,943.0
2021,,965.0
2021,,186.0
2021,,36.5
2021,,1.0
2021,,15.0
2021,,108.0
2021,,54.0
2021,,157.6
2021,,13.0
2021,,132.0
2021,,472.0
2021,,13.9
2021,,520.0
2021,,0.5
2021,,1.04
2021,,8.0
2021,,1.2
2021,,665.0
2021,,27.0
2021,,5.0
2021,,1600.0
2021,,3.0
2021,,3.0
2021,,2.5
2021,,45.0
2021,,1.0
2021,,263.0
2021,,54.0
2021,,955.0
2021,,490.0
2021,,1.0
2021,,1.0
2021,,16.0
2021,,10.0
2021,,4.0
2021,,650.0
2021,,122.0
2021,,7.0
2021,,10.0
2021,,548.0
2021,,13.0
2021,,506.0
2021,,4.7
2021,,1.0
2021,,782.5
2021,,878.0
2021,,57.0
2021,,165.0
2021,,200.0
2021,,154.5
2021,,2.0
2021,,4.0
2021,,4.0
2021,,432.5
2021,,22.0
2021,,3.0
2021,,20.0
2021,,200.0
2021,,214.0
2021,,27.0
2021,,5.0
2021,,10.0
2021,,3.0
2021,,20.0
2021,,130.0
2021,,90.0
2021,,622.0
2021,,220.0
2021,,12.0
2021,,5.0
2021,,3.0
2021,,57.0
2021,,51.3
2021,,9.0
2021,,96.0
2021,,20.0
2021,,1.0
2021,,1.0
2021,,335.0
2021,,152.0
2021,,120.0
2021,,120.0
2021,,150.0
2021,,5.0
2021,,56.0
2021,,4.0
2021,,62.0
2021,,27.0
2021,,1.0
2021,,391.0
2021,,132.0
2021,22:16,
2021,,130.0
2021,,350.0
2021,,90.0
2021,,622.0
2021,,220.0
2021,,12.0
2021,,5.0
2021,,3.0
2021,,57.0
2021,,9.0
2021,,1.0
2021,,96.0
2021,,20.0
2021,,1.0
2021,22:16,
2021,,1.0
2021,,152.0
2021,,120.0
2021,,120.0
2021,,150.0
2021,,150.0
2021,,14.0
2021,,73.0
2021,,1.0
2021,,9.0
2021,,160.0
2021,,5.0
2021,,57.0
2021,10:00,
2021,,5.4
2021,,335.0
2021,,14.1
2021,,15.0
2021,,15.0
2021,,3.59
2021,,200.81
2021,21:6,
2021,,311.95
2021,,244.68
2021,,198.28
2021,4:3,
2021,2:13,175.0
2021,7:8,
2021,7:8,
2021,1:20,160.0
2021,21:30,
2021,,154.5
2021,,0.5
2021,,15.27
2021,,0.5
2021,,154.5
2021,,0.5
2021,,0.5
2021,,106.0
2021,,104.0
2021,,45.0
2021,,83.0
2021,,59.0
2021,,16.0
2021,,11.0
2021,,197.0
2021,,1.0
2021,,218.0
2021,,127.0
2021,21:30,
2021,,1.0
2021,,15.12
2021,,154.5
2021,,164.0
2021,,2.99
2021,,2.99
2021,,1.09
2021,,1.06
2021,,16.0
2021,,817.0
2021,,450.0
2021,,1.14
2021,,290.0
2021,,362.0
2021,,36.65
2021,,63.64
2021,21:15,
2021,,165.0
2021,,145.0
2021,,160.0
2021,,160.0
2021,,0.5
2021,,0.5
2021,,1.5
2021,,2.0
2021,,2.01
2021,,154.5
2021,,165.0
2021,,0.5
2021,,0.5
2021,,1.5
2021,,2.0
2021,,2.01
2021,,148.5
2021,21:9,
2021,,24.0
2021,,20.0
2021,,9.0
2021,,17.0
2021,,9.0
2021,,4.0
2021,,17.0
2021,,17.0
2021,,17.0
2021,,3.0
2021,,17.0
2021,,17.0
2021,,17.0
2021,,17.0
2021,,17.0
2021,,17.0
2021,,17.0
2021,,17.0
2021,,9.0
2021,,9.0
2021,,13.0
2021,,8.0
2021,,1.0
2021,,2.0
2021,,1.14
2021,,2.0
2021,,16.0
2021,,74.0
2021,,11.1
2021,,2.0
2021,,2.0
2021,,9.0
2021,,9.0
2021,,0.5
2021,,9.0
2021,,16.0
2021,,4.0
2021,,26.0
2021,,76.0
2021,,10.0
2021,,14.0
2021,,6.0
2021,,154.5
2021,,30.0
2021,,26.0
2021,,2.0
2021,,101.0
2021,,165.0
2021,,200.0
2021,,30.0
2021,,16.0
2021,,14.0
2021,,68.0
2021,,90.0
2021,,73.0
2021,,63.0
2021,,3.0
2021,,5.0
2021,,566.0
2021,,43.0
2021,,132.0
2021,,51.3
2021,,214.0
2021,,159.0
2021,,202.0
2021,,16.0
2021,,90.0
2021,,222.0
2021,,350.0
2021,21:22,
2021,,22.0
2021,,22.0
2021,20:7,
2021,20:7,
2021,,151.0
2021,20:23,
2021,20:4,
2021,,315.0
2021,20:23,
2021,20:4,
2021,,315.0
2021,,2.0
2021,,174.0
2021,,756.0
2021,,2.3
2021,,174.0
2021,,756.0
2021,,2.3
2021,,1.0
2021,,5.6
2021,,75.0
2021,,250.0
2021,,45.5
2021,,1.5
2021,20:2,
2021,20:2,
2021,20:2,
2021,,164.0
2021,,2.3
2021,20:1,
2021,20:15,
2021,20:7,
2021,21:6,
2021,,24.31
2021,,33.07
2021,,13.82
2021,,4.22
2021,,44.94
2021,,55.43
2021,,536.79
2021,,536.79
2021,,436.94
2021,,147.2
2021,,79.61
2021,,48.71
2021,,34.07
2021,,105.43
2021,,4.4
2021,,147.18
2021,,69.26
2021,,3.47
2021,,44.86
2021,,17.54
2021,,17.61
2021,,3.11
2021,,25.71
2021,,21.29
2021,,242.99
2021,,3.95
2021,,104.4
2021,21:6,
2021,20:7,
2021,20:15,
2021,,77.16
2021,,16.0
2021,,12.0
2021,,12.0
2021,,274.0
2021,,186.0
2021,,349.0
2021,,790.1
2021,,689.6
2021,,208.6
2021,,103.0
2021,,10.85
2021,,51.3
2021,,1.9
2021,,711.0
2021,,62.6
2021,,55.25
2021,,52.36
2021,,291.0
2021,,3.79
2021,,3.38
2021,,80.0
2021,,1.8
2021,,7.0
2021,,3.9
2021,,3.39
2021,20:30,
2021,,2.27
2021,,5.16
2021,,45.2
2021,,6.97
2021,,7.03
2021,,825.0
2021,,1.0
2021,,825.0
2021,,536.79
2021,,2.99
2021,,1.3
2021,,12.0
2021,20:3,
2021,20:17,
2021,20:14,
2021,,3.32
2021,,3.37
2021,,97.0
2021,,92.0
2021,,3.35
2021,,4.6
2021,20:8,
2021,,522.0
2021,,1.4
2021,,1.0
2021,,5.98
2021,,9.01
2021,,17.39
2021,,4.0
2021,,2.0
2021,,12.0
2021,,26.0
2021,,1.7
2021,,3.59
2021,,2.31
2021,,26.0
2021,,1.7
2021,,3.59
2021,,2.31
2021,,7.0
2021,,7.0
2021,,7.45
2021,,536.79
2021,,105.43
2021,,436.94
2021,,3.32
2021,,5.52
2021,,3.59
2021,,2.31
2021,,641.0
2021,,274.0
2021,,186.0
2021,,363.0
2021,,343.0
2021,,356.0
2021,,3.64
2021,,20.0
2021,,2.99
2021,,3.08
2021,,4.27
2021,,1.29
2021,,2.99
2021,,3.64
2021,,45.0
2021,,0.5
2021,,0.5
2021,,2.0
2021,,19.16
2021,,17.76
2021,,122.32
2021,,121.36
2021,,19.16
2021,,17.76
2021,,13.95
2021,,13.85
2021,,5.98
2021,,11.53
2021,,4.14
2021,,5.52
2021,,249.0
2021,,226.0
2021,,537.0
2021,,4.9
2021,,21.43
2021,,48.71
2021,,19.16
2021,,17.76
2021,,127.68
2021,,15.57
2021,,17.76
2021,,122.32
2021,,0.5
2021,,19.16
2021,,5.11
2021,,1.98
2021,,4.74
2021,,13.95
2021,,10.96
2021,,21.43
2021,,48.71
2021,,19.16
2021,,17.76
2021,,3.61
2021,,3.61
2021,,4.38
2021,,3.32
2021,,3.37
2021,,2.83
2021,,2.57
2021,,5.41
2021,,3.9
2021,,11.19
2021,,10.63
2021,,18.88
2021,,15.61
2021,,20.19
2021,,19.18
2021,,127.68
2021,,138.96
2021,,122.32
2021,,121.36
2021,,15.61
2021,,20.19
2021,,19.18
2021,,17.86
2021,,253.0
2021,,573.0
2021,,17.77
2021,,18.0
2021,,20.07
2021,,7.99
2021,,6.95
2021,,10.69
2021,,9.36
2021,,5.02
2021,,3.6
2021,,2.07
2021,,1.64
2021,,1.96
2021,,4.67
2021,,72.0
2021,,2.96
2021,,536.79
2021,,15.57
2021,,10.96
2021,,140.08
2021,,157.83
2021,,11.1
2021,,0.5
2021,,0.5
2021,,2.0
2021,,2.5
2021,,127.0
2021,,138.0
2021,,144.0
2021,,155.0
2021,,2.0
2021,,134.0
2021,,137.0
2021,,110.0
2021,,3.0
2021,,140.07
2021,,9.0
2021,,144.0
2021,,134.0
2021,,9.0
2021,,51.0
2021,,15.0
2021,,6.0
2021,,199.83
2021,,189.91
2021,,127.68
2021,,138.96
2021,,122.32
2021,,121.36
2021,,110.07
2021,,145.44
2021,,4.0
2021,,3.39
2021,,19.16
2021,,2.27
2021,,222.0
2021,,996.0
2021,,667.0
2021,,224.0
2021,,36.5
2021,,15.0
2021,,749.0
2021,,1.04
2021,,8.0
2021,,1.2
2021,,571.0
2021,,5.0
2021,,10.0
2021,,3.0
2021,,21.4
2021,,20.0
2021,,163.0
2021,,2010.0
2021,,784.0
2021,,57.0
2021,,3.0
2021,,57.0
2021,,4.9
2021,,19.16
2021,,62.2
2021,,147.0
2021,,45.0
2021,,35.0
2021,,5.0
2021,,10.0
2021,,918.0
2021,,3.0
2021,,58.0
2021,,12.7
2021,,11.1
2021,,11.1
2021,,2.0
2021,,9.0
2021,,9.0
2021,,9.0
2021,,9.0
2021,,9.0
2021,,9.0
2021,,9.0
2021,,15.0
2021,,15.0
2021,,14.1
2021,,346.0
2021,,37.9
2021,,34.0
2021,,3.0
2021,,7.0
2021,,16.0
2021,,100.0
2021,,1.0
2021,,2.0
2021,,4.0
2021,,4.0
2021,,7.0
2021,,51.0
2021,,10.0
2021,,3.9
2021,,2.45
2021,,3.0
2021,,10.0
2021,,215.0
2021,,20.0
2021,,163.0
2021,,5.02
2021,,3.64
2021,,4.9
2021,,1.6
2021,,825.0
2021,,451.0
2021,,368.0
2021,,239.0
2021,,356.0
2021,,990.0
2021,,5.41
2021,,3.08
2021,,5.02
2021,,5.41
2021,,17.0
2021,,0.5
2021,,1.5
2021,,154.5
2021,,218.07
2021,,39.26
2021,,3.78
2021,,165.0
2021,,200.0
2021,,6.4
2021,,0.5
2021,,0.5
2021,,1.5
2021,,2.0
2021,20:30,
2021,,15.0
2021,,0.5
2021,,918.0
2021,,7.87
2021,,3.59
2021,,2010.0
2021,,784.0
2021,,57.0
2021,,52.0
2021,,4.0
2021,,58.0
2021,,311.0
2021,,718.0
2021,,5.4
2021,,39.26
2021,,218.07
2021,,39.26
2021,,3.78
2021,,3.59
2021,,7.87
2021,,218.07
2021,,24.43
2021,,20.41
2021,,5.3
2021,,6.14
2021,,3.48
2021,,5.52
2021,,3.32
2021,,5.2
2021,,4.14
2021,,3.48
2021,,7.55
2021,,4.3
2021,,3.78
2021,,3.78
2021,,39.26
2021,,145.0
2021,,3.0
2021,,1.0
2021,,1.8
2021,,1.06
2021,,305.0
2021,,989.0
2021,,450.0
2021,,290.0
2021,,63.64
2021,,11.06
2021,20:8,
2021,,63.64
2021,,11.06
2021,20:8,
2021,,148.5
2021,,115.4
2021,,4.37
2021,,0.5
2021,,2.0
2021,,1.98
2021,,4.61
2021,,195.97
2021,,152.16
2021,,3.62
2021,20:7,
2021,,244.68
2021,,3.59
2021,,7.08
2021,,193.97
2021,,193.97
2021,,195.97
2021,,152.16
2021,,0.5
2021,,3.62
2021,,6.18
2021,,164.0
2021,,5.16
2021,,45.2
2021,,131.0
2021,,6.97
2021,,7.03
2021,,825.0
2021,,1.0
2021,,1.0
2021,,1.0
2021,,900.0
2021,,100.0
2021,,3.5
2021,,87.18
2021,,546.67
2021,,1.45
2021,20:3,
2021,20:3,
2021,20:12,
2021,,18.0
2021,,3.08
2021,,3.27
2021,,2.76
2021,,2.99
2021,,1.0
2021,,16.0
2021,,8.42
2021,,49.98
2021,,58.86
2021,20:22,
2021,,9.41
2021,20:12,
2021,20:7,
2021,,2.99
2021,,3.59
2021,,35.0
2021,,528.0
2021,,114.0
2021,,16.0
2021,,16.0
2021,,3.0
2021,,17.0
2021,,9.0
2021,,17.0
2021,,9.0
2021,,4.0
2021,,17.0
2021,,17.0
2021,,16.0
2021,,8.0
2021,,17.0
2021,,17.0
2021,,17.0
2021,,17.0
2021,,17.0
2021,,17.0
2021,,3.0
2021,,7.0
2021,,9.0
2021,,9.0
2021,,9.0
2021,,9.0
2021,,244.68
2021,,8.0
2021,,5.0
2021,,17.0
2021,,45.0
2021,,17.0
2021,,166.0
2021,,193.97
2021,,193.97
2021,,147.0
2021,4:3,
2021,2:13,175.0
2021,7:8,
2021,7:8,
2021,1:20,160.0
2021,,0.5
2021,,0.5
2021,,104.0
2021,,119.0
2021,,39.0
2021,,59.0
2021,,80.0
2021,21:30,
2021,,11.0
2021,,29.1
2021,,62.2
2021,10:00,
2021,,840.0
2021,,187.0
2021,,18.0
2021,,11.0
2021,,80.0
2021,,7.08
2021,,59.0
2021,,39.0
2021,,119.0
2021,,104.0
2021,,18.0
2022,,20.41
2022,,13.33
2022,,18.17
2022,,722.0
2022,,18.0
2022,,1.83
2022,,4.17
2022,,27.06
2022,,10.51
2022,,17.8
2022,,130.0
2022,,10.04
2022,,9.46
2022,,81.31
2022,,18.38
2022,,18.63
2022,,16.0
2022,,722.0
2022,,264.06
2022,,8.47
2022,,111.03
2022,,268.23
2022,,34.31
2022,,744.51
2022,,4.07
2022,,101.1
2022,,77.61
2022,,111.03
2022,,26.71
2022,,744.51
2022,,20.41
2022,,13.33
2022,,18.17
2022,,18.0
2022,,16.0
2022,,2.3
2022,,11.28
2022,,27.06
2022,,130.0
2022,,27.06
2022,,615.44
2022,,618.8
2022,,13.84
2022,,2.97
2022,,3.38
2022,,5.7
2022,,3.15
2022,,54.88
2022,,124.75
2022,,70.76
2022,,129.41
2022,,75.97
2022,,388.0
2022,,8.56
2022,,201.0
2022,,203.0
2022,,16.0
2022,,8.56
2022,,11.28
2022,,45.74
2022,,3.21
2022,,4.9
2022,,305.0
2022,,1.72
2022,,203.0
2022,,353.0
2022,,201.0
2022,,388.0
2022,,29.26
2022,,44.56
2022,,879.0
2022,,353.0
2022,,229.75
2022,,10.21
2022,,211.37
2022,,6.14
2022,,11.96
2022,,1.35
2022,,27.06
2022,,3.38
2022,,3.59
2022,,82.22
2022,,25.09
2022,,163.1
2022,,107.31
2022,,28.65
2022,,78.89
2022,,13.28
2022,,2023.0
2022,,10.51
2022,,573.0
2022,,27.79
2022,,109.0
2022,,34.0
2022,,125.25
2022,,135.37
2022,,22.61
2022,,22.81
2022,,422.0
2022,,309.0
2022,,3.78
2022,,8.6
2022,,25.34
2022,,27.67
2022,,10.32
2022,,8.78
2022,,3.1
2022,,147.0
2022,,158.0
2022,,12.79
2022,,6.83
2022,,18.9
2022,,330.09
2022,,27.06
2022,,18.38
2022,,30.05
2022,,8.7
2022,,4030.0
2022,,151.49
2022,,2.0
2022,,27.06
2022,,18.38
2022,,30.05
2022,,8.7
2022,,4030.0
2022,,34.31
2022,,16.0
2022,,234.7
2022,,2.0
2022,,151.49
2022,,360.42
2022,,330.09
2022,,360.42
2022,,27.06
2022,,3.38
2022,,3.59
2022,,82.22
2022,,25.09
2022,,163.1
2022,,234.7
2022,,107.31
2022,,78.89
2022,,13.28
2022,,2023.0
2022,,10.51
2022,,27.79
2022,,6.83
2022,,18.9
2022,,28.65
2022,,233.51
2022,,8.78
2022,,2022.0
2022,,6.45
2022,,5.02
2022,,6.45
2022,,24.15
2022,,27.77
2022,,7.51
2022,,7.65
2022,,6.3
2022,,7.87
2022,,265.0
2022,,7.87
2022,,41.48
2022,,4.58
2022,,8.6
2022,,18.96
2022,,5.02
2022,,39.86
2022,,5.32
2022,,2.3
2022,,100.0
2022,,100.0
2022,,958.0
2022,,2.21
2022,,5.41
2022,,7.02
2022,,4.04
2022,,6.87
2022,,5.41
2022,,7.02
2022,,239.0
2022,,944.0
2022,,451.0
2022,,758.0
2022,,1.6
2022,,4.31
2022,,1.0
2022,,2.44
2022,,1.53
2022,,10.97
2022,,6.14
2022,,11.96
2022,,43.82
2022,,94.28
2022,,130.0
2022,,27.06
2022,,1.35
2022,,6.14
2022,,11.96
2022,,13.33
2022,,17.14
2022,,6.3
2022,,45.74
2022,,51.24
2022,,3.18
2022,,3.06
2022,,3.48
2022,,7.55
2022,,7.55
2022,,8.78
2022,,90.84
2022,,106.85
2022,,3.78
2022,,8.6
2022,,1.9
2022,,2.23
2022,,2.32
2022,,1.14
2022,,3.48
2022,,3.18
2022,,31.27
2022,,5.2
2022,,7.46
2022,,10.49
2022,,0.5
2022,,0.5
2022,,2.0
2022,22:1,
2022,,360.0
2022,,201.46
2022,,358.05
2022,,120.0
2022,,2.52
2022,,1.0
2022,,397.0
2022,,33.0
2022,,5.0
2022,,879.0
2022,,2.0
2022,,3.0
2022,,26.0
2022,,6.0
2022,,120.0
2022,,7.0
2022,22:22,
2022,22:18,
2022,,881.84
2022,,947.26
2022,,2.0
2022,,17.0
2022,,18.0
2022,,18.0
2022,,2021.0
2022,,120.0
2022,,120.0
2022,,500.0
2022,22:5,
2022,,120.0
2022,22:12,
2022,22:18,
2022,,100.0
2022,,100.0
2022,,17.0
2022,,23.0
2022,,26.0
2022,,24.43
2022,,17.15
2022,,39.26
2022,,45.75
2022,,10.51
2022,,7.46
2022,,6.3
2022,,45.74
2022,,27.06
2022,,2.0
2022,,0.5
2022,,0.5
2022,,1.0
2022,,100.0
2022,,100.0
2022,,6.3
2022,,1.83
2022,,111.03
2022,,18.38
2022,,315.0
2022,,218.0
2022,,276.0
2022,,1.5
2022,,2.0
2022,,0.5
2022,,6.3
2022,,257.58
2022,,1.0
2022,,18.38
2022,,111.03
2022,,1.83
2022,,6.3
2022,,24.43
2022,,17.15
2022,,27.06
2022,,27.06
2022,,50.82
2022,,335.0
2022,,525.0
2022,,1.0
2022,,236.0
2022,,773.0
2022,,26.6
2022,,450.0
2022,,540.0
2022,,18.9
2022,,37.9
2022,,12.7
2022,,3.0
2022,,48.0
2022,,8.0
2022,,3.0
2022,,3.0
2022,,2.5
2022,,1.0
2022,,432.5
2022,,72.0
2022,,130.0
2022,,1.04
2022,,1.2
2022,,0.5
2022,,13.9
2022,,472.0
2022,,132.0
2022,,13.0
2022,,192.1
2022,,643.0
2022,,36.5
2022,,108.0
2022,,54.0
2022,,1.0
2022,,15.0
2022,,9.0
2022,,27.06
2022,,791.0
2022,,251.0
2022,,2.0
2022,,71.0
2022,,620.0
2022,,684.0
2022,,506.0
2022,,422.0
2022,,14.1
2022,,15.0
2022,,15.0
2022,,9.0
2022,,9.0
2022,,11.1
2022,,11.1
2022,,13.0
2022,,80.0
2022,,9.0
2022,,1.0
2022,,55.0
2022,,1.0
2022,,955.0
2022,,4.0
2022,,4.0
2022,,2.0
2022,,3.0
2022,,573.0
2022,,8.1
2022,,684.0
2022,,9.0
2022,,12.0
2022,,4.0
2022,,4.0
2022,,12.0
2022,,1.0
2022,,2.0
2022,,955.0
2022,,251.0
2022,,9.0
2022,,329.5
2022,,27.0
2022,,1.0
2022,,1.0
2022,,20.0
2022,,96.0
2022,,5.0
2022,,160.0
2022,,9.0
2022,,1.0
2022,,73.0
2022,,14.0
2022,,150.0
2022,,150.0
2022,,120.0
2022,,120.0
2022,,152.0
2022,,335.0
2022,,276.64
2022,,152.0
2022,,120.0
2022,,173.0
2022,,58.0
2022,,228.0
2022,,2.0
2022,,8.7
2022,,4020.0
2022,,18.38
2022,,5.0
2022,,160.0
2022,,9.0
2022,,1.0
2022,,73.0
2022,,14.0
2022,,150.0
2022,,150.0
2022,,120.0
2022,,306.0
2022,,1.0
2022,,20.0
2022,,220.0
2022,,1.0
2022,,918.0
2022,,622.0
2022,,5.0
2022,,12.0
2022,,220.0
2022,,90.0
2022,,130.0
2022,,200.0
2022,,20.0
2022,,350.0
2022,,3.0
2022,,10.0
2022,,5.0
2022,,1.0
2022,,1.0
2022,,27.0
2022,,10.0
2022,,96.0
2022,,1.0
2022,,220.0
2022,,1.0
2022,,918.0
2022,,622.0
2022,,5.0
2022,,12.0
2022,,220.0
2022,,90.0
2022,,130.0
2022,,200.0
2022,,20.0
2022,,350.0
2022,,3.0
2022,,5.0
2022,,9.0
2022,,17.0
2022,,17.0
2022,,2.72
2022,,27.06
2022,,27.06
2022,,35.0
2022,,35.0
2022,,100.0
2022,5:5,
2022,5:5,
2022,,100.0
2022,,1.0
2022,,2.6
2022,,11.29
2022,,283.0
2022,22:29,
2022,,1.0
2022,,5.58
2022,,2.6
2022,,6.3
2022,,152.45
2022,,140.0
2022,,130.0
2022,,27.06
2022,22:8,
2022,,36.65
2022,,17.82
2022,,362.0
2022,,1.14
2022,,16.0
2022,,145.0
2022,,466.0
2022,,2.99
2022,,95.4
2022,,10.35
2022,22:9,
2022,,80.91
2022,,145.0
2022,,11.29
2022,22:29,
2022,,138.0
2022,,7.87
2022,,265.0
2022,22:17,
2022,,8.47
2022,,3.13
2022,,4.87
2022,,6.04
2022,22:17,
2022,,138.0
2022,,7.87
2022,,265.0
2022,,614.0
2022,,4.9
2022,,4.29
2022,22:17,
2022,,283.0
2022,,6.04
2022,,3.13
2022,,4.0
2022,,2.21
2022,,2.01
2022,,81.0
2022,,131.0
2022,,822.0
2022,,6.4
2022,,13.63
2022,21:2,
2022,,1.6
2022,,2.3
2022,22:23,
2022,,58.91
2022,22:17,
2022,,8.47
2022,,4.87
2022,,154.5
2022,,13.12
2022,,9.63
2022,,228.0
2022,,3.0
2022,,101.0
2022,,43.0
2022,,566.0
2022,,631.0
2022,,2023.0
2022,,30.0
2022,,33.0
2022,,110.0
2022,,121.0
2022,,101.0
2022,,1.0
2022,,30.0
2022,,27.06
2022,,58.0
2022,,7.0
2022,,173.0
2022,,260.0
2022,,17.0
2022,,17.0
2022,,17.0
2022,,17.0
2022,,17.0
2022,,17.0
2022,,17.0
2022,,17.0
2022,,17.0
2022,,17.0
2022,,4.0
2022,,17.0
2022,,15.0
2022,,9.0
2022,,17.0
2022,,160.0
2022,,102.0
2022,,73.0
2022,,73.0
2022,7:8,
2022,7:8,
2022,2:13,175.0
2022,4:3,
2022,,191.0
2022,22:10,
2022,,2.77
2022,,357.61
2022,22:5,1.5
2022,,2.0
2022,,193.89
2022,,0.5
2022,,6.3
2022,,200.0
2022,,165.0
2022,1:20,160.0
2022,,27.06
2022,,0.5
2022,,1.0
2022,,24.0
2022,,15.0
2022,,20.0
2022,,18.0
2022,,14.0
2022,,0.5
2022,,1.5
2022,,6.3
2022,,218.0
2022,,2.0
2022,,205.0
2022,,16.0
2022,,20.0
2022,,142.0
2022,,196.0
2022,,0.5
2022,,276.0
2022,,100.0
2022,,1.0
2022,,6.3
2022,,31.0
2022,,16.0
2022,,6.6
2022,,1.0
2022,,1.0
2022,,3.1
2022,,988.0
2022,,255.0
2022,,582.0
2022,21:4,
2022,21:18,
2022,21:4,
2022,21:18,
2022,21:30,
2022,21:6,
2022,,73.0
2022,,29.0
2022,22:1,
2022,21:16,
2022,,16.0
2022,21:4,
2022,,97.0
2022,,147.0
2022,,2025.0
2022,,97.0
2022,,147.0
2022,,3.32
2022,,3.48
2022,21:27,
2022,,122.0
2022,,164.0
2022,,109.0
2022,,3.61
2022,,6.14
2022,22:16,
2022,,10.21
2022,21:6,
2022,21:20,
2022,,39.36
2022,,154.5
2022,,30.44
2022,,134.56
2022,,101.5
2022,,163.1
2022,,536.79
2022,,717.8
2022,,7.93
2022,,8.18
2022,,8.5
2022,,31.12
2022,,230.0
2022,,20.0
2022,,2.6
2022,,31.69
2022,,29.0
2022,,165.0
2022,,7.8
2022,,10.05
2022,,20.44
2022,,48.71
2022,,77.61
2022,,58.8
2022,,147.2
2022,,234.7
2022,,536.79
2022,,717.8
2022,,168.09
2022,,25.71
2022,,110.72
2022,,33.53
2022,,16.0
2022,,163.1
2022,,6.4
2022,,20.41
2022,,9.01
2022,,10.21
2022,,2.96
2022,21:29,
2022,,3.9
2022,,4.87
2022,21:18,
2022,,825.0
2022,,1.6
2022,,6.19
2022,,51.35
2022,21:24,
2022,,5.39
2022,,2.96
2022,21:29,
2022,,3.9
2022,,4.87
2022,,5.39
2022,21:18,
2022,21:24,
2022,,6.19
2022,,81.0
2022,,154.5
2022,21:3,
2022,21:13,
2022,,900.0
2022,,1.0
2022,,628.21
2022,,12.77
2022,,154.5
2022,21:3,
2022,21:13,
2022,,900.0
2022,,1.0
2022,,825.0
2022,,1.6
2022,,51.35
2022,,16.0
2022,,4.0
2022,,2.84
2022,,17.0
2022,,7.87
2022,,4.9
2022,,2.99
2022,,36.86
2022,,16.12
2022,,22.61
2022,,362.0
2022,,3.59
2022,,3.78
2022,,6.0
2022,,185.0
2022,,185.0
2022,,4.0
2022,,9.01
2022,,614.0
2022,,4.61
2022,,291.0
2022,,5.74
2022,,48.91
2022,,59.33
2022,,62.6
2022,,70.76
2022,,3.38
2022,,1.6
2022,,1.9
2022,,4.89
2022,,124.74
2022,,233.8
2022,,789.7
2022,,879.8
2022,,58.86
2022,,42.56
2022,,1.3
2022,,349.0
2022,,4.77
2022,,20.21
2022,,3.5
2022,,6.4
2022,,200.0
2022,,165.0
2022,,3.78
2022,,39.26
2022,,218.07
2022,,154.5
2022,,1.5
2022,,0.5
2022,,0.5
2022,,5.41
2022,,5.02
2022,,3.08
2022,,5.41
2022,,990.0
2022,,0.5
2022,,356.0
2022,,0.5
2022,,2.0
2022,,199.83
2022,,293.87
2022,,990.0
2022,,9.98
2022,,4.3
2022,,9.98
2022,,4.3
2022,,4.3
2022,,150.0
2022,,97.0
2022,,27.0
2022,,222.0
2022,,249.0
2022,21:22,
2022,,15.0
2022,,1.5
2022,,360.0
2022,,239.0
2022,,451.0
2022,,6.14
2022,,5.3
2022,,20.41
2022,,24.43
2022,,39.26
2022,,218.07
2022,,3.59
2022,,3.78
2022,,39.26
2022,,218.07
2022,,39.26
2022,,5.4
2022,,718.0
2022,,311.0
2022,,7.46
2022,,3.48
2022,,368.0
2022,,5.52
2022,,5.2
2022,,825.0
2022,,1.6
2022,,4.9
2022,,3.64
2022,,5.02
2022,,17.0
2022,,7.87
2022,,7.87
2022,,3.59
2022,,3.78
2022,,3.78
2022,,4.3
2022,,7.55
2022,,3.48
2022,,4.14
2022,,3.32
2022,,218.07
2022,,127.68
2022,,171.96
2022,,16.0
2022,,7.99
2022,,8.56
2022,,19.05
2022,,3.6
2022,,6.42
2022,,95.32
2022,,7.03
2022,,10.69
2022,,30.81
2022,,16.0
2022,,7.99
2022,,8.56
2022,,19.05
2022,,3.6
2022,,30.81
2022,,6.42
2022,,10.69
2022,,95.32
2022,,24.43
2022,,2.0
2022,,5.45
2022,,27.32
2022,,2.16
2022,,2.5
2022,,16.63
2022,,3.95
2022,,681.0
2022,,4.46
2022,,3.43
2022,,3.25
2022,,1.49
2022,,6.88
2022,,172.9
2022,,5.33
2022,,2.0
2022,,20.76
2022,,3.95
2022,,3.21
2022,,1.64
2022,,18.63
2022,,1.91
2022,,12.89
2022,,4.9
2022,,305.0
2022,,145.45
2022,,244.36
2022,,127.68
2022,,218.07
2022,,17.77
2022,,26.28
2022,,145.45
2022,,244.36
2022,,203.0
2022,,305.0
2022,,4.9
2022,,12.89
2022,,20.44
2022,,3.5
2022,,24.43
2022,,5.45
2022,,27.32
2022,,15.57
2022,,39.26
2022,,18.0
2022,,105.0
2022,,253.0
2022,,4.08
2022,,29.26
2022,,3.21
2022,,1.64
2022,,18.63
2022,,1.91
2022,,614.0
2022,,3.21
2022,,20.44
2022,,3.08
2022,,943.0
2022,,228.0
2022,,21.4
2022,,773.0
2022,,3.0
2022,,53.0
2022,,8.0
2022,,169.0
2022,,48.0
2022,,1600.0
2022,,3.0
2022,,3.0
2022,,2.5
2022,,432.5
2022,,4.0
2022,,965.0
2022,,4.0
2022,,186.0
2022,,1.0
2022,,27.0
2022,,665.0
2022,,1.2
2022,,8.0
2022,,1.04
2022,,0.5
2022,,520.0
2022,,13.9
2022,,472.0
2022,,132.0
2022,,13.0
2022,,157.6
2022,,54.0
2022,,108.0
2022,,15.0
2022,,36.5
2022,,5.0
2022,,2.0
2022,,200.0
2022,,955.0
2022,,54.0
2022,,263.0
2022,,1.0
2022,,45.0
2022,,391.0
2022,,14.1
2022,,15.0
2022,,15.0
2022,,9.0
2022,,2.0
2022,,2.0
2022,,11.1
2022,,74.0
2022,,16.0
2022,,490.0
2022,,154.5
2022,,1.0
2022,,16.0
2022,,165.0
2022,,57.0
2022,,878.0
2022,,782.5
2022,,1.0
2022,,4.7
2022,,506.0
2022,,13.0
2022,,22.0
2022,,548.0
2022,,7.0
2022,,122.0
2022,,650.0
2022,,4.0
2022,,10.0
2022,,1.0
2022,,2.0
2022,,10.0
2022,,20.0
2022,,96.0
2022,,1.0
2022,,9.0
2022,,57.0
2022,,3.0
2022,,5.0
2022,,12.0
2022,,220.0
2022,,622.0
2022,,90.0
2022,,350.0
2022,,130.0
2022,,200.0
2022,,20.0
2022,,3.0
2022,,20.0
2022,,10.0
2022,,1.0
2022,,335.0
2022,,45.74
2022,,5.41
2022,,45.74
2022,,6.3
2022,,5.8
2022,,745.0
2022,,341.0
2022,,62.0
2022,,4.0
2022,,56.0
2022,,5.0
2022,,150.0
2022,,120.0
2022,,120.0
2022,,152.0
2022,,1.0
2022,,3.0
2022,,5.0
2022,,214.0
2022,,1.0
2022,,1.0
2022,,20.0
2022,,96.0
2022,,1.0
2022,,9.0
2022,,57.0
2022,,3.0
2022,,5.0
2022,,12.0
2022,,220.0
2022,,622.0
2022,,90.0
2022,,350.0
2022,,130.0
2022,,335.0
2022,,27.0
2022,,152.0
2022,,120.0
2022,,51.3
2022,,132.0
2022,22:16,
2022,22:16,
2022,,5.4
2022,10:00,
2022,,57.0
2022,,5.0
2022,,160.0
2022,,9.0
2022,,1.0
2022,,73.0
2022,,14.0
2022,,150.0
2022,,150.0
2022,,120.0
2022,,1.14
2022,,200.0
2022,,1.0
2022,,0.5
2022,,0.5
2022,,165.0
2022,,154.5
2022,,2.01
2022,,2.0
2022,,1.5
2022,,0.5
2022,,0.5
2022,,160.0
2022,,160.0
2022,,148.5
2022,,145.0
2022,21:15,
2022,,63.64
2022,,1.5
2022,,36.65
2022,,2.0
2022,,154.5
2022,21:30,
2022,1:20,160.0
2022,7:8,
2022,7:8,
2022,2:13,175.0
2022,4:3,
2022,,198.28
2022,,244.68
2022,,311.95
2022,21:6,
2022,,200.81
2022,,3.59
2022,,15.27
2022,,15.12
2022,,165.0
2022,,2.01
2022,,290.0
2022,,1.14
2022,,450.0
2022,,16.0
2022,,39.83
2022,,39.83
2022,,3.08
2022,,5.41
2022,,3.21
2022,,18.0
2022,,81.0
2022,,165.0
2022,,3.08
2022,,5.41
2022,,3.21
2022,,2.0
2022,,18.0
2022,,81.0
2022,,120.0
2022,,120.0
2022,,6.0
2022,,120.0
2022,,817.0
2022,,16.0
2022,,1.06
2022,,1.09
2022,,2.99
2022,,2.99
2022,,164.0
2022,,154.5
2022,,6.75
2022,21:20,
2022,,71.4
2022,,13.55
2022,,16.0
2022,,1.5
2022,,990.0
2022,,110.0
2022,21:9,
2022,,0.5
2022,,362.0
2022,21:30,
2022,,17.0
2022,,9.0
2022,,16.0
2022,,16.0
2022,,16.0
2022,,202.0
2022,,159.0
2022,,214.0
2022,,51.3
2022,,132.0
2022,,43.0
2022,,566.0
2022,,5.0
2022,,3.0
2022,,63.0
2022,,17.0
2022,,9.0
2022,,4.0
2022,,17.0
2022,,8.0
2022,,13.0
2022,,9.0
2022,,0.5
2022,,9.0
2022,,9.0
2022,,17.0
2022,,73.0
2022,,17.0
2022,,17.0
2022,,17.0
2022,,17.0
2022,,17.0
2022,,3.0
2022,,17.0
2022,,17.0
2022,,17.0
2022,,90.0
2022,,9.0
2022,,68.0
2022,,24.0
2022,,1.0
2022,,127.0
2022,,218.0
2022,,1.0
2022,,11.0
2022,,16.0
2022,,59.0
2022,,83.0
2022,,45.0
2022,,104.0
2022,,106.0
2022,,0.5
2022,,0.5
2022,,154.5
2022,,0.5
2022,,20.0
2022,,197.0
2022,,2.0
2022,,200.0
2022,,165.0
2022,,101.0
2022,,30.0
2022,,26.0
2022,,90.0
2022,,30.0
2022,,14.0
2022,,6.0
2022,,14.0
2022,,10.0
2022,,76.0
2022,,26.0
2022,,154.5
2022,,4.0
2023,,73.19
2023,,362.0
2023,,14.3
2023,,27.06
2023,,130.0
2023,,90.6
2023,,140.0
2023,,4.0
2023,,14.82
2023,23:5,
2023,,2.13
2023,,1.58
2023,,4.21
2023,,7.92
2023,1:1,
2023,,194.0
2023,,14.3
2023,,7.3
2023,,12.76
2023,,1.14
2023,,1.5
2023,,0.5
2023,,14.46
2023,,2.0
2023,,0.5
2023,,8.04
2023,,12.76
2023,,73.19
2023,,14.3
2023,1:1,
2023,,2.08
2023,,130.0
2023,,27.06
2023,,90.6
2023,,73.19
2023,,14.3
2023,,73.19
2023,,16.0
2023,,32.75
2023,,105.0
2023,,4.0
2023,1:1,
2023,,1.16
2023,,3.38
2023,,4.97
2023,,80.03
2023,,15.42
2023,,4.0
2023,,60.08
2023,,95.45
2023,,9.94
2023,,30.37
2023,,10.38
2023,,12.72
2023,23:15,
2023,,12.36
2023,,107.31
2023,,4.0
2023,,6.0
2023,,0.89
2023,,215.0
2023,,2.99
2023,,5.98
2023,,8.42
2023,,14.3
2023,,58.0
2023,,397.0
2023,,3.59
2023,,1.32
2023,,413.0
2023,,538.0
2023,,3.59
2023,,1.32
2023,,413.0
2023,,538.0
2023,,11.93
2023,,5.58
2023,,400.0
2023,,290.77
2023,,125.25
2023,,450.01
2023,,8.78
2023,,8.76
2023,,4.9
2023,,27.67
2023,,23.85
2023,,10.32
2023,,11.19
2023,,3.0
2023,,3.0
2023,,2.0
2023,,1.0
2023,,25.0
2023,,3.18
2023,,4.99
2023,,17.0
2023,23:9,
2023,,160.76
2023,,4.0
2023,,5.0
2023,,61.08
2023,,5.85
2023,,6.02
2023,,3.0
2023,,2.0
2023,,1.0
2023,,172.03
2023,,19.58
2023,,110.38
2023,,22.81
2023,,19.55
2023,,408.0
2023,,8.6
2023,,9.06
2023,,3.0
2023,,10.22
2023,,500.0
2023,,6.0
2023,,6.7
2023,23:5,
2023,,158.0
2023,23:9,
2023,23:8,
2023,23:8,
2023,,1.35
2023,,1.2
2023,23:14,
2023,23:1,
2023,,20.95
2023,4:11,
2023,,1.0
2023,1:20,160.0
2023,7:8,
2023,7:8,
2023,2:13,175.0
2023,4:3,
2023,,194.0
2023,,339.23
2023,1:1,
2023,,1.2
2023,,1.35
2023,,7.57
2023,,6.7
2023,,158.0
2023,,139.0
2023,23:10,
2023,23:10,
2023,,25.0
2023,,225.0
2023,,25.0
2023,,3.0
2023,,3519.0
2023,,2.0
2023,,1.0
2023,,9.18
2023,,7.15
2023,,573.0
2023,,345.0
2023,,11.96
2023,,139.0
2023,,12.95
2023,,2.3
2023,,11.2
2023,,0.5
2023,,23.77
2023,,16.59
2023,,276.64
2023,,280.77
2023,,12.76
2023,,10.2
2023,,0.5
2023,,22.0
2023,,16.59
2023,,276.64
2023,,280.77
2023,,111.03
2023,,117.07
2023,,211.37
2023,,203.9
2023,,23.77
2023,23:10,1.5
2023,,2.0
2023,,2.08
2023,,44.56
2023,,45.22
2023,,6.3
2023,,187.0
2023,,12.0
2023,,45.0
2023,,127.0
2023,,358.0
2023,,318.0
2023,,1.0090520403050355e+17
2023,,1.0090520403050355e+17
2023,,1.0
2023,,187.0
2023,,18.4
2023,,187.0
2023,,18.4
2023,23:15,
2023,,639.0
2023,,450.0
2023,,5.0
2023,,355.0
2023,,944.0
2023,,350.0
2023,,758.0
2023,,415.0
2023,,2.8
2023,,4.58
2023,,5.23
2023,,9.3
2023,,183.0
2023,,265.0
2023,,822.0
2023,,3.0
2023,,3.31
2023,,8.6
2023,,48.17
2023,,4.0
2023,,639.0
2023,,6.45
2023,,7.02
2023,,3.02
2023,,639.0
2023,,13.97
2023,,51.0
2023,,1.5
2023,,0.5
2023,,0.5
2023,,7.48
2023,,6.06
2023,,7.48
2023,,12.76
2023,,14.3
2023,1:1,
2023,,6.4
2023,,9.29
2023,,27.06
2023,,27.77
2023,,33.34
2023,,313.0
2023,,4.06
2023,,879.0
2023,,98.0
2023,,111.03
2023,,117.07
2023,,7.47
2023,,771.19
2023,,7.47
2023,,3.02
2023,,129.41
2023,,14.3
2023,,127.27
2023,,229.75
2023,,214.1
2023,,744.51
2023,,771.19
2023,,369.0
2023,,9.46
2023,,26.69
2023,,1.46
2023,,16.0
2023,,31.96
2023,,10.2
2023,,12.13
2023,,360.42
2023,,377.48
2023,,3.38
2023,,4.97
2023,,80.03
2023,,15.42
2023,,60.08
2023,,107.31
2023,,95.45
2023,,32.75
2023,,9.94
2023,,30.37
2023,,12.76
2023,,10.2
2023,,137.51
2023,,12.76
2023,,771.19
2023,,233.0
2023,,20.03
2023,,11.25
2023,,369.0
2023,,11.28
2023,,11.46
2023,,4.51
2023,,5.14
2023,,8.39
2023,,6.94
2023,,16.0
2023,,3.02
2023,,533.0
2023,,45.74
2023,,43.8
2023,,1.2
2023,,353.0
2023,,218.0
2023,,97.0
2023,,11.09
2023,,3.0
2023,,22.57
2023,,26.9
2023,,879.0
2023,,11.0
2023,,20.74
2023,,11.12
2023,,12.76
2023,,14.3
2023,1:1,
2023,,130.0
2023,,27.06
2023,,18.9
2023,,12.13
2023,,5.14
2023,,8.39
2023,,6.94
2023,,3.02
2023,,11.09
2023,,19.67
2023,,10.21
2023,2:6,
2023,,96.0
2023,,233.0
2023,,2.0
2023,,432.5
2023,,4.0
2023,,4.0
2023,,2.0
2023,,3.0
2023,,3.0
2023,,3.0
2023,,28.4
2023,,152.0
2023,,7.8
2023,,891.0
2023,,12.0
2023,,15.0
2023,,4.0
2023,,3.0
2023,,580.0
2023,,64.0
2023,,3.0
2023,,246.0
2023,,183.3
2023,,14.3
2023,,36.5
2023,,14.3
2023,,9.0
2023,,130.0
2023,,27.06
2023,,12.76
2023,,115.0
2023,,968.0
2023,,2.0
2023,,227.0
2023,,450.0
2023,,540.0
2023,,3.0
2023,,98.0
2023,,12.0
2023,,10.0
2023,,1.0
2023,,14.0
2023,,761.0
2023,,17.0
2023,,17.0
2023,,17.0
2023,,17.0
2023,,17.0
2023,,17.0
2023,,17.0
2023,,17.0
2023,,17.0
2023,,17.0
2023,,17.0
2023,,17.0
2023,,4.0
2023,,17.0
2023,,15.0
2023,,9.0
2023,,17.0
2023,,17.0
2023,,7.0
2023,,17.0
2023,,639.0
2023,,422.0
2023,,14.1
2023,,15.0
2023,,15.0
2023,,9.0
2023,,9.0
2023,,2.0
2023,,5.0
2023,,80.0
2023,,19.0
2023,,9.0
2023,,9.0
2023,,9.0
2023,,18.0
2023,,10.0
2023,,17.0
2023,,83.0
2023,,17.0
2023,,0.07
2023,,10.6
2023,,1.0
2023,,20.0
2023,,10.12
2023,,5.0
2023,,160.0
2023,,9.0
2023,,1.0
2023,,1.0
2023,,90.0
2023,,150.0
2023,,150.0
2023,,120.0
2023,,120.0
2023,,152.0
2023,,335.0
2023,,1.0
2023,,14.0
2023,,335.0
2023,,152.0
2023,,120.0
2023,,247.0
2023,,8.42
2023,,4.0
2023,,10.2
2023,,21.06
2023,1:1,27.06
2023,,318.0
2023,,10.2
2023,,5.0
2023,,160.0
2023,,9.0
2023,,1.0
2023,,90.0
2023,,14.0
2023,,150.0
2023,,150.0
2023,,120.0
2023,,1.0
2023,,519.0
2023,,20.0
2023,,1.0
2023,,5.0
2023,,12.0
2023,,220.0
2023,,12.0
2023,,130.0
2023,,200.0
2023,,20.0
2023,,622.0
2023,,350.0
2023,,10.0
2023,,5.0
2023,,27.0
2023,,300.4
2023,,873.0
2023,,57.3
2023,,5.854
2023,,3.0
2023,,918.0
2023,,1.0
2023,,220.0
2023,,220.0
2023,,1.0
2023,,918.0
2023,,622.0
2023,,5.0
2023,,12.0
2023,,220.0
2023,,12.0
2023,,130.0
2023,,200.0
2023,,20.0
2023,,350.0
2023,,3.0
2023,,10.0
2023,,5.0
2023,,27.0
2023,,1.0
2023,,96.0
2023,,9.0
2023,,17.0
2023,,17.0
2023,,2.8
2023,,69.5
2023,,6.71
2023,23:6,
2023,,9.3
2023,23:3,
2023,,2.3
2023,,2.3
2023,,2.8
2023,,2.97
2023,,1.7
2023,,3.63
2023,,7.5
2023,,34.6
2023,,35.61
2023,,25.24
2023,,69.5
2023,23:3,
2023,,9.3
2023,23:6,
2023,,130.0
2023,,27.06
2023,,77.0
2023,,244.0
2023,,12.76
2023,,14.3
2023,,123.0
2023,,123.0
2023,,1.0
2023,,411.09
2023,,428.29
2023,,4.0
2023,,11.3
2023,,3.0
2023,,2.0
2023,,1.0
2023,,6.71
2023,,70.55
2023,1:1,
2023,,11.59
2023,,7.5
2023,,17.0
2023,,7.6
2023,,135.37
2023,,152.8
2023,,280.96
2023,,947.26
2023,,1.0
2023,,10.8
2023,,5.0
2023,,4.0
2023,,3.0
2023,,2.0
2023,,183.0
2023,,639.0
2023,,23.0
2023,,525.0
2023,,13.89
2023,,7.5
2023,,10.8
2023,,7.5
2023,,34.6
2023,,35.61
2023,,25.24
2023,,3.38
2023,,2.8
2023,,5.7
2023,,6.7
2023,,3.54
2023,,64.13
2023,,83.42
2023,,95.67
2023,,7.5
2023,,10.8
2023,,17.0
2023,,7.6
2023,,135.37
2023,,152.8
2023,,14.07
2023,,14.3
2023,,12.76
2023,,244.0
2023,,3.0
2023,,18.0
2023,,11.0
2023,,4.0
2023,,0.5
2023,,1.0
2023,,276.0
2023,,6.0
2023,,280.0
2023,,265.0
2023,,1.5
2023,,1.2
2023,,5.4
2023,,26.0
2023,,171.0
2023,,196.0
2023,,2.0
2023,,24.0
2023,,90.0
2023,,23.0
2023,,17.0
2023,,3.01
2023,,262.0
2023,,127.0
2023,,150.0
2023,,69.5
2023,,247.0
2023,,631.0
2023,,1.0
2023,,101.0
2023,,33.0
2023,,31.0
2023,,113.0
2023,,121.0
2023,,1.0
2023,,103.0
2023,,35.0
2023,,263.0
2023,,2.08
2023,,2.0
2023,,1.5
2023,,369.0
2023,,9.46
2023,,5.14
2023,,1.83
2023,,3.02
2023,23:23,
2023,,7.48
2023,,7.45
2023,,81.0
2023,,72.0
2023,,90.11
2023,,95.25
2023,,116.0
2023,1:1,
2023,,130.0
2023,,27.06
2023,,77.0
2023,,198.0
2023,,18.0
2023,,116.0
2023,,90.11
2023,,0.5
2023,,3.1
2023,,0.5
2023,,0.5
2023,,12.76
2023,,14.3
2023,1:1,
2023,,130.0
2023,,27.06
2023,,5.14
2023,,1.83
2023,,3.02
2023,23:23,
2023,,7.48
2023,,7.45
2023,,81.0
2023,,72.0
2023,,95.25
2023,,8.6
2023,,11.29
2023,,2.93
2023,,18.17
2023,,722.0
2023,,18.0
2023,,81.31
2023,,20.41
2023,,13.33
2023,,18.17
2023,,13.33
2023,,722.0
2023,,1.83
2023,,18.38
2023,,4.17
2023,,10.51
2023,,17.8
2023,,18.63
2023,,9.46
2023,,18.0
2023,,20.41
2023,,744.51
2023,,26.71
2023,,34.31
2023,,16.0
2023,,234.7
2023,,211.37
2023,,234.7
2023,,229.75
2023,,129.41
2023,,268.23
2023,,264.06
2023,,111.03
2023,,34.31
2023,,16.0
2023,,744.51
2023,,4.07
2023,,101.1
2023,,77.61
2023,,111.03
2023,,10.04
2023,,4030.0
2023,,130.0
2023,,8.47
2023,,388.0
2023,,27.06
2023,,130.0
2023,,27.06
2023,,615.44
2023,,618.8
2023,,13.84
2023,,201.0
2023,,2.97
2023,,2.3
2023,,5.7
2023,,3.15
2023,,54.88
2023,,70.76
2023,,75.97
2023,,124.75
2023,,3.38
2023,,353.0
2023,,203.0
2023,,879.0
2023,,16.0
2023,,8.56
2023,,11.28
2023,,16.0
2023,,8.56
2023,,11.28
2023,,45.74
2023,,3.21
2023,,4.9
2023,,305.0
2023,,1.72
2023,,203.0
2023,,353.0
2023,,201.0
2023,,388.0
2023,,29.26
2023,,44.56
2023,,27.06
2023,,135.37
2023,,8.7
2023,,18.38
2023,,10.21
2023,,10.32
2023,,8.78
2023,,3.1
2023,,147.0
2023,,158.0
2023,,34.0
2023,,27.67
2023,,12.79
2023,,573.0
2023,,6.14
2023,,11.96
2023,,1.35
2023,,27.06
2023,,3.38
2023,,3.59
2023,,109.0
2023,,25.34
2023,,8.6
2023,,3.78
2023,,6.04
2023,22:17,
2023,,138.0
2023,,7.87
2023,,265.0
2023,,614.0
2023,,4.9
2023,,4.29
2023,,525.0
2023,,6.3
2023,,50.82
2023,,51.24
2023,,125.25
2023,,22.61
2023,,22.81
2023,,422.0
2023,,309.0
2023,,82.22
2023,,30.05
2023,,25.09
2023,,107.31
2023,,10.51
2023,,27.79
2023,,6.83
2023,,18.9
2023,,330.09
2023,,360.42
2023,,151.49
2023,,2023.0
2023,,2.0
2023,,18.38
2023,,30.05
2023,,8.7
2023,,4030.0
2023,,151.49
2023,,2.0
2023,,27.06
2023,,27.06
2023,,13.28
2023,,78.89
2023,,28.65
2023,,28.65
2023,,78.89
2023,,13.28
2023,,2023.0
2023,,10.51
2023,,27.79
2023,,6.83
2023,,18.9
2023,,330.09
2023,,360.42
2023,,27.06
2023,,3.38
2023,,3.59
2023,,82.22
2023,,25.09
2023,,163.1
2023,,107.31
2023,,163.1
2023,,4.87
2023,,233.51
2023,,2022.0
2023,,6.3
2023,,7.87
2023,,265.0
2023,,7.87
2023,,41.48
2023,,4.58
2023,,8.6
2023,,7.65
2023,,18.96
2023,,2.44
2023,,3.06
2023,,1.53
2023,,7.55
2023,,8.78
2023,,90.84
2023,,106.85
2023,,39.86
2023,,7.51
2023,,27.77
2023,,24.15
2023,,7.02
2023,,4.04
2023,,6.87
2023,,5.41
2023,,7.02
2023,,239.0
2023,,944.0
2023,,451.0
2023,,758.0
2023,,1.6
2023,,2.3
2023,,4.31
2023,,5.32
2023,,5.02
2023,,6.45
2023,,5.02
2023,,6.45
2023,,3.78
2023,,5.41
2023,,8.6
2023,,2.23
2023,,11.96
2023,,13.33
2023,,17.14
2023,,6.3
2023,,45.74
2023,,276.64
2023,,100.0
2023,,6.14
2023,,7.46
2023,,45.74
2023,,45.74
2023,,6.3
2023,,5.8
2023,,745.0
2023,,341.0
2023,,69.5
2023,,6.3
2023,,1.35
2023,,27.06
2023,,130.0
2023,,2.32
2023,,1.14
2023,,3.48
2023,,3.18
2023,,31.27
2023,,5.2
2023,,7.46
2023,,7.55
2023,,8.78
2023,,10.49
2023,,3.48
2023,,3.18
2023,,10.97
2023,,6.14
2023,,11.96
2023,,43.82
2023,,94.28
2023,,1.9
2023,,257.58
2023,,2.21
2023,,100.0
2023,,201.46
2023,,358.05
2023,,120.0
2023,,2.52
2023,,1.0
2023,,397.0
2023,,33.0
2023,,360.0
2023,,5.0
2023,,2.0
2023,,3.0
2023,,26.0
2023,,6.0
2023,,7.0
2023,,17.0
2023,,23.0
2023,,879.0
2023,22:1,
2023,,120.0
2023,22:22,
2023,,881.84
2023,,947.26
2023,,2.0
2023,,17.0
2023,,18.0
2023,,18.0
2023,,2021.0
2023,,120.0
2023,,120.0
2023,,500.0
2023,22:5,
2023,,120.0
2023,22:12,
2023,22:18,
2023,,100.0
2023,22:18,
2023,,100.0
2023,,26.0
2023,,958.0
2023,,315.0
2023,,276.0
2023,,10.51
2023,,7.46
2023,,6.3
2023,,45.74
2023,,27.06
2023,,2.0
2023,,0.5
2023,,45.75
2023,,0.5
2023,,100.0
2023,,100.0
2023,,2.0
2023,,0.5
2023,,0.5
2023,,1.0
2023,,100.0
2023,,1.0
2023,,39.26
2023,,17.15
2023,,24.43
2023,,1.5
2023,,2.0
2023,,0.5
2023,,6.3
2023,,1.0
2023,,27.06
2023,,18.38
2023,,111.03
2023,,1.83
2023,,6.3
2023,,24.43
2023,,17.15
2023,,27.06
2023,,18.38
2023,,111.03
2023,,1.83
2023,,6.3
2023,,218.0
2023,,3.13
2023,,8.47
2023,22:17,
2023,,20.0
2023,,350.0
2023,,3.0
2023,,10.0
2023,,5.0
2023,,27.0
2023,,306.0
2023,,200.0
2023,,329.5
2023,,1.04
2023,,1.2
2023,,0.5
2023,,13.9
2023,,472.0
2023,,132.0
2023,,13.0
2023,,791.0
2023,,130.0
2023,,90.0
2023,,220.0
2023,,220.0
2023,,90.0
2023,,130.0
2023,,200.0
2023,,20.0
2023,,350.0
2023,,3.0
2023,,10.0
2023,,5.0
2023,,27.0
2023,,1.0
2023,,220.0
2023,,1.0
2023,,918.0
2023,,622.0
2023,,5.0
2023,,12.0
2023,,192.1
2023,,12.0
2023,,643.0
2023,,108.0
2023,,3.0
2023,,2.5
2023,,432.5
2023,,251.0
2023,,55.0
2023,,2.0
2023,,4.0
2023,,3.0
2023,,4.0
2023,,3.0
2023,,573.0
2023,,8.1
2023,,684.0
2023,,9.0
2023,,12.0
2023,,4.0
2023,,2.0
2023,,8.0
2023,,48.0
2023,,3.0
2023,,54.0
2023,,1.0
2023,,15.0
2023,,9.0
2023,,130.0
2023,,27.06
2023,,72.0
2023,,1.0
2023,,1.0
2023,,236.0
2023,,773.0
2023,,26.6
2023,,450.0
2023,,540.0
2023,,18.9
2023,,37.9
2023,,12.7
2023,,36.5
2023,,4.0
2023,,5.0
2023,,918.0
2023,,18.97
2023,,16.24
2023,,1.83
2023,,3.02
2023,,3.37
2023,,6.63
2023,,23.77
2023,,10.21
2023,,16.59
2023,,43.8
2023,,280.77
2023,,12.76
2023,,45.74
2023,,14.3
2023,,280.77
2023,,173.0
2023,,45.74
2023,,7.57
2023,,11.96
2023,,1.2
2023,,106.85
2023,,122.5
2023,,7.46
2023,,7.64
2023,,8.78
2023,,8.76
2023,,1.05
2023,,2.96
2023,,31.27
2023,,32.9
2023,,10.9
2023,,6.4
2023,,94.28
2023,,68.92
2023,,3.18
2023,,4.99
2023,,1.34
2023,,58.0
2023,,622.0
2023,,228.0
2023,,8.7
2023,,1.0
2023,,73.0
2023,,14.0
2023,,150.0
2023,,150.0
2023,,120.0
2023,,120.0
2023,,9.0
2023,,152.0
2023,,1.0
2023,,1.0
2023,,20.0
2023,,96.0
2023,,1.0
2023,,220.0
2023,,1.0
2023,,335.0
2023,,160.0
2023,,5.0
2023,,96.0
2023,,4020.0
2023,,18.38
2023,,5.0
2023,,160.0
2023,,9.0
2023,,1.0
2023,,73.0
2023,,14.0
2023,,150.0
2023,,150.0
2023,,120.0
2023,,120.0
2023,,152.0
2023,,335.0
2023,,1.0
2023,,1.0
2023,,20.0
2023,,2.0
2023,,12.0
2023,,1.0
2023,,2.0
2023,,27.06
2023,22:8,
2023,,36.65
2023,,17.82
2023,,362.0
2023,,1.14
2023,,16.0
2023,,130.0
2023,,145.0
2023,,2.99
2023,,95.4
2023,,10.35
2023,22:9,
2023,,152.45
2023,,80.91
2023,,6.3
2023,,466.0
2023,,140.0
2023,,145.0
2023,,154.5
2023,7:8,
2023,2:13,175.0
2023,4:3,
2023,,191.0
2023,22:10,
2023,,2.77
2023,,357.61
2023,22:5,1.5
2023,,2.0
2023,,193.89
2023,,0.5
2023,,6.3
2023,,1.0
2023,,200.0
2023,,165.0
2023,,9.63
2023,,13.12
2023,,5.58
2023,7:8,
2023,,2.72
2023,,27.06
2023,,6.4
2023,,13.63
2023,21:2,
2023,,1.6
2023,,2.3
2023,22:23,
2023,,58.91
2023,,822.0
2023,22:17,
2023,,3.13
2023,,4.87
2023,,6.04
2023,22:17,
2023,,138.0
2023,,7.87
2023,,265.0
2023,,8.47
2023,,131.0
2023,,81.0
2023,,2.01
2023,,35.0
2023,,35.0
2023,,100.0
2023,5:5,
2023,5:5,
2023,,100.0
2023,,1.0
2023,,2.6
2023,,11.29
2023,,283.0
2023,22:29,
2023,,1.0
2023,,2.6
2023,,283.0
2023,22:29,
2023,,4.0
2023,,2.21
2023,,27.06
2023,1:20,160.0
2023,,27.06
2023,,0.5
2023,,9.0
2023,,17.0
2023,,17.0
2023,,17.0
2023,,17.0
2023,,17.0
2023,,17.0
2023,,9.0
2023,,17.0
2023,,17.0
2023,,17.0
2023,,17.0
2023,,17.0
2023,,4.0
2023,,17.0
2023,,15.0
2023,,17.0
2023,,9.0
2023,,80.0
2023,,13.0
2023,,955.0
2023,,955.0
2023,,251.0
2023,,1.0
2023,,1.0
2023,,71.0
2023,,620.0
2023,,684.0
2023,,506.0
2023,,422.0
2023,,14.1
2023,,15.0
2023,,15.0
2023,,9.0
2023,,9.0
2023,,11.1
2023,,11.1
2023,,9.0
2023,,17.0
2023,,260.0
2023,,160.0
2023,,24.0
2023,,15.0
2023,,20.0
2023,,18.0
2023,,14.0
2023,,0.5
2023,,1.5
2023,,218.0
2023,,276.0
2023,,2.0
2023,,205.0
2023,,16.0
2023,,20.0
2023,,142.0
2023,,196.0
2023,,0.5
2023,,1.0
2023,,73.0
2023,,9.06
2023,,73.0
2023,,7.0
2023,,173.0
2023,,58.0
2023,,228.0
2023,,3.0
2023,,101.0
2023,,43.0
2023,,566.0
2023,,631.0
2023,,2023.0
2023,,30.0
2023,,33.0
2023,,110.0
2023,,121.0
2023,,101.0
2023,,1.0
2023,,30.0
2023,,27.06
2023,,102.0
2023,,150.0
